id,tier,name,url,host,status,http_code,probe_date,note,ref
gov:nnsa.mee.gov.cn,gov,国家核安全局,https://nnsa.mee.gov.cn/,nnsa.mee.gov.cn,unprobed,,,生态环境部管理,枚举:gov.cn国务院部门导航+党中央群团民主党派 2026-10
gov:www.119.gov.cn,gov,国家消防救援局,https://www.119.gov.cn/,www.119.gov.cn,unprobed,,,应急管理部管理,枚举:gov.cn国务院部门导航+党中央群团民主党派 2026-10
gov:www.12371.cn,gov,中央组织部·共产党员网,https://www.12371.cn/,www.12371.cn,unprobed,,,党中央部门,枚举:gov.cn国务院部门导航+党中央群团民主党派 2026-10
gov:www.81.cn,gov,中国军网,https://www.81.cn/,www.81.cn,unprobed,,,中央军委机关报,枚举:gov.cn国务院部门导航+党中央群团民主党派 2026-10
gov:www.93.gov.cn,gov,九三学社,https://www.93.gov.cn/,www.93.gov.cn,unprobed,,,民主党派中央,枚举:gov.cn国务院部门导航+党中央群团民主党派 2026-10
gov:www.acca21.org.cn,gov,中国21世纪议程管理中心,https://www.acca21.org.cn/,www.acca21.org.cn,unprobed,,,科技部直属,枚举:gov.cn国务院部门导航+党中央群团民主党派 2026-10
gov:www.acef.com.cn,gov,中华环保联合会,https://www.acef.com.cn/,www.acef.com.cn,unprobed,,,全国性社会组织,枚举:gov.cn国务院部门导航+党中央群团民主党派 2026-10
gov:www.acfic.org.cn,gov,中华全国工商业联合会,https://www.acfic.org.cn/,www.acfic.org.cn,unprobed,,,人民团体·工商联,枚举:gov.cn国务院部门导航+党中央群团民主党派 2026-10
gov:www.acftu.org,gov,中华全国总工会,https://www.acftu.org/,www.acftu.org,unprobed,,,全国性群团,枚举:gov.cn国务院部门导航+党中央群团民主党派 2026-10
gov:www.amr.org.cn,gov,中国宏观经济研究院,https://www.amr.org.cn/,www.amr.org.cn,unprobed,,,发改委直属,枚举:gov.cn国务院部门导航+党中央群团民主党派 2026-10
gov:www.audit.gov.cn,gov,审计署,https://www.audit.gov.cn/,www.audit.gov.cn,unprobed,,,国务院组成部门,枚举:gov.cn国务院部门导航+党中央群团民主党派 2026-10
gov:www.caac.gov.cn,gov,中国民用航空局,https://www.caac.gov.cn/,www.caac.gov.cn,unprobed,,,交通运输部管理,枚举:gov.cn国务院部门导航+党中央群团民主党派 2026-10
gov:www.caams.org.cn,gov,中国农业机械化科学研究院,https://www.caams.org.cn/,www.caams.org.cn,unprobed,,,央企科研院,枚举:gov.cn国务院部门导航+党中央群团民主党派 2026-10
gov:www.caas.cn,gov,中国农业科学院,https://www.caas.cn/,www.caas.cn,unprobed,,,中央科研事业单位,枚举:gov.cn国务院部门导航+党中央群团民主党派 2026-10
gov:www.cabr.com.cn,gov,中国建筑科学研究院,https://www.cabr.com.cn/,www.cabr.com.cn,unprobed,,,央企科研院,枚举:gov.cn国务院部门导航+党中央群团民主党派 2026-10
gov:www.cac.gov.cn,gov,中央网络安全和信息化委员会办公室,https://www.cac.gov.cn/,www.cac.gov.cn,unprobed,,,党中央部门/国家网信办,枚举:gov.cn国务院部门导航+党中央群团民主党派 2026-10
gov:www.cae.cn,gov,中国工程院,https://www.cae.cn/,www.cae.cn,unprobed,,,直属事业单位,枚举:gov.cn国务院部门导航+党中央群团民主党派 2026-10
gov:www.caea.gov.cn,gov,国家原子能机构,https://www.caea.gov.cn/,www.caea.gov.cn,unprobed,,,工信部管理,枚举:gov.cn国务院部门导航+党中央群团民主党派 2026-10
gov:www.caf.ac.cn,gov,中国林业科学研究院,https://www.caf.ac.cn/,www.caf.ac.cn,unprobed,,,中央科研事业单位,枚举:gov.cn国务院部门导航+党中央群团民主党派 2026-10
gov:www.cafs.ac.cn,gov,中国水产科学研究院,https://www.cafs.ac.cn/,www.cafs.ac.cn,unprobed,,,中央科研事业单位,枚举:gov.cn国务院部门导航+党中央群团民主党派 2026-10
gov:www.cags.ac.cn,gov,中国地质科学院,https://www.cags.ac.cn/,www.cags.ac.cn,unprobed,,,中央科研事业单位,枚举:gov.cn国务院部门导航+党中央群团民主党派 2026-10
gov:www.caict.ac.cn,gov,中国信息通信研究院,https://www.caict.ac.cn/,www.caict.ac.cn,unprobed,,,工信部直属,枚举:gov.cn国务院部门导航+党中央群团民主党派 2026-10
gov:www.caiq.org.cn,gov,中国检验检疫科学研究院,https://www.caiq.org.cn/,www.caiq.org.cn,unprobed,,,海关总署直属,枚举:gov.cn国务院部门导航+党中央群团民主党派 2026-10
gov:www.calss.net.cn,gov,中国劳动和社会保障科学研究院,https://www.calss.net.cn/,www.calss.net.cn,unprobed,,,人社部直属,枚举:gov.cn国务院部门导航+党中央群团民主党派 2026-10
gov:www.cams.ac.cn,gov,中国医学科学院,https://www.cams.ac.cn/,www.cams.ac.cn,unprobed,,,中央科研事业单位,枚举:gov.cn国务院部门导航+党中央群团民主党派 2026-10
gov:www.camscma.cn,gov,中国气象科学研究院,https://www.camscma.cn/,www.camscma.cn,unprobed,,,中央科研事业单位,枚举:gov.cn国务院部门导航+党中央群团民主党派 2026-10
gov:www.cas.cn,gov,中国科学院,https://www.cas.cn/,www.cas.cn,unprobed,,,直属事业单位,枚举:gov.cn国务院部门导航+党中央群团民主党派 2026-10
gov:www.cass.cn,gov,中国社会科学院,https://www.cass.cn/,www.cass.cn,unprobed,,,直属事业单位,枚举:gov.cn国务院部门导航+党中央群团民主党派 2026-10
gov:www.cast.org.cn,gov,中国科学技术协会,https://www.cast.org.cn/,www.cast.org.cn,unprobed,,,全国性群团,枚举:gov.cn国务院部门导航+党中央群团民主党派 2026-10
gov:www.catas.cn,gov,中国热带农业科学院,https://www.catas.cn/,www.catas.cn,unprobed,,,中央科研事业单位,枚举:gov.cn国务院部门导航+党中央群团民主党派 2026-10
gov:www.catcm.ac.cn,gov,中国中医科学院,https://www.catcm.ac.cn/,www.catcm.ac.cn,unprobed,,,中央科研事业单位,枚举:gov.cn国务院部门导航+党中央群团民主党派 2026-10
gov:www.caupd.com,gov,中国城市规划设计研究院,https://www.caupd.com/,www.caupd.com,unprobed,,,住建部直属,枚举:gov.cn国务院部门导航+党中央群团民主党派 2026-10
gov:www.cbead.cn,gov,中国大连高级经理学院,https://www.cbead.cn/,www.cbead.cn,unprobed,,,党中央直属,枚举:gov.cn国务院部门导航+党中央群团民主党派 2026-10
gov:www.ccc.org.cn,gov,中国儿童中心,https://www.ccc.org.cn/,www.ccc.org.cn,unprobed,,,全国妇联直属,枚举:gov.cn国务院部门导航+党中央群团民主党派 2026-10
gov:www.ccdi.gov.cn,gov,中央纪委国家监委,https://www.ccdi.gov.cn/,www.ccdi.gov.cn,unprobed,,,纪检监察合署,枚举:gov.cn国务院部门导航+党中央群团民主党派 2026-10
gov:www.ccidgroup.com,gov,中国电子信息产业发展研究院,https://www.ccidgroup.com/,www.ccidgroup.com,unprobed,,,工信部直属,枚举:gov.cn国务院部门导航+党中央群团民主党派 2026-10
gov:www.cciee.org.cn,gov,中国国际经济交流中心,https://www.cciee.org.cn/,www.cciee.org.cn,unprobed,,,全国性社会组织,枚举:gov.cn国务院部门导航+党中央群团民主党派 2026-10
gov:www.ccno.net,gov,中央民族乐团,https://www.ccno.net/,www.ccno.net,unprobed,,,文旅部直属院团,枚举:gov.cn国务院部门导航+党中央群团民主党派 2026-10
gov:www.ccopyright.com.cn,gov,中国版权保护中心,https://www.ccopyright.com.cn/,www.ccopyright.com.cn,unprobed,,,中央宣传部直属,枚举:gov.cn国务院部门导航+党中央群团民主党派 2026-10
gov:www.ccpit.org,gov,中国国际贸易促进委员会,https://www.ccpit.org/,www.ccpit.org,unprobed,,,全国性群团,枚举:gov.cn国务院部门导航+党中央群团民主党派 2026-10
gov:www.ccps.gov.cn,gov,中共中央党校(国家行政学院),https://www.ccps.gov.cn/,www.ccps.gov.cn,unprobed,,,党中央直属,枚举:gov.cn国务院部门导航+党中央群团民主党派 2026-10
gov:www.cctf.org.cn,gov,中国儿童少年基金会,https://www.cctf.org.cn/,www.cctf.org.cn,unprobed,,,全国性基金会,枚举:gov.cn国务院部门导航+党中央群团民主党派 2026-10
gov:www.cctv.com,gov,中央广播电视总台,https://www.cctv.com/,www.cctv.com,unprobed,,,直属事业单位,枚举:gov.cn国务院部门导航+党中央群团民主党派 2026-10
gov:www.cdpf.org.cn,gov,中国残疾人联合会,https://www.cdpf.org.cn/,www.cdpf.org.cn,unprobed,,,全国性群团,枚举:gov.cn国务院部门导航+党中央群团民主党派 2026-10
gov:www.ce.cn,gov,经济日报社,https://www.ce.cn/,www.ce.cn,unprobed,,,中央媒体,枚举:gov.cn国务院部门导航+党中央群团民主党派 2026-10
gov:www.cea.gov.cn,gov,中国地震局,https://www.cea.gov.cn/,www.cea.gov.cn,unprobed,,,应急管理部管理,枚举:gov.cn国务院部门导航+党中央群团民主党派 2026-10
gov:www.celaj.gov.cn,gov,中国井冈山干部学院,https://www.celaj.gov.cn/,www.celaj.gov.cn,unprobed,,,党中央直属,枚举:gov.cn国务院部门导航+党中央群团民主党派 2026-10
gov:www.celap.org.cn,gov,中国浦东干部学院,https://www.celap.org.cn/,www.celap.org.cn,unprobed,,,党中央直属,枚举:gov.cn国务院部门导航+党中央群团民主党派 2026-10
gov:www.celay.org.cn,gov,中国延安干部学院,https://www.celay.org.cn/,www.celay.org.cn,unprobed,,,党中央直属,枚举:gov.cn国务院部门导航+党中央群团民主党派 2026-10
gov:www.cert.org.cn,gov,国家计算机网络应急技术处理协调中心,https://www.cert.org.cn/,www.cert.org.cn,unprobed,,,中央网信办直属,枚举:gov.cn国务院部门导航+党中央群团民主党派 2026-10
gov:www.cesi.cn,gov,中国电子技术标准化研究院,https://www.cesi.cn/,www.cesi.cn,unprobed,,,工信部直属,枚举:gov.cn国务院部门导航+党中央群团民主党派 2026-10
gov:www.cflac.org.cn,gov,中国文学艺术界联合会,https://www.cflac.org.cn/,www.cflac.org.cn,unprobed,,,全国性群团,枚举:gov.cn国务院部门导航+党中央群团民主党派 2026-10
gov:www.cfpd.org.cn,gov,中国和平发展基金会,https://www.cfpd.org.cn/,www.cfpd.org.cn,unprobed,,,全国性基金会,枚举:gov.cn国务院部门导航+党中央群团民主党派 2026-10
gov:www.cgs.gov.cn,gov,中国地质调查局,https://www.cgs.gov.cn/,www.cgs.gov.cn,unprobed,,,自然资源部管理,枚举:gov.cn国务院部门导航+党中央群团民主党派 2026-10
gov:www.china.com.cn,gov,中国网,https://www.china.com.cn/,www.china.com.cn,unprobed,,,中央重点新闻网站,枚举:gov.cn国务院部门导航+党中央群团民主党派 2026-10
gov:www.chinadaily.com.cn,gov,中国日报社,https://www.chinadaily.com.cn/,www.chinadaily.com.cn,unprobed,,,中央媒体,枚举:gov.cn国务院部门导航+党中央群团民主党派 2026-10
gov:www.chinafpa.org.cn,gov,中国计划生育协会,https://www.chinafpa.org.cn/,www.chinafpa.org.cn,unprobed,,,全国性群团,枚举:gov.cn国务院部门导航+党中央群团民主党派 2026-10
gov:www.chinalaw.org.cn,gov,中国法学会,https://www.chinalaw.org.cn/,www.chinalaw.org.cn,unprobed,,,全国性群团,枚举:gov.cn国务院部门导航+党中央群团民主党派 2026-10
gov:www.chinamine-safety.gov.cn,gov,国家矿山安全监察局,https://www.chinamine-safety.gov.cn/,www.chinamine-safety.gov.cn,unprobed,,,应急管理部管理,枚举:gov.cn国务院部门导航+党中央群团民主党派 2026-10
gov:www.chinanews.com.cn,gov,中国新闻社,https://www.chinanews.com.cn/,www.chinanews.com.cn,unprobed,,,中央媒体,枚举:gov.cn国务院部门导航+党中央群团民主党派 2026-10
gov:www.chinapeace.gov.cn,gov,中央政法委员会·中国长安网,https://www.chinapeace.gov.cn/,www.chinapeace.gov.cn,unprobed,,,党中央部门,枚举:gov.cn国务院部门导航+党中央群团民主党派 2026-10
gov:www.chinaql.org,gov,中华全国归国华侨联合会,https://www.chinaql.org/,www.chinaql.org,unprobed,,,全国性群团,枚举:gov.cn国务院部门导航+党中央群团民主党派 2026-10
gov:www.chinatax.gov.cn,gov,国家税务总局,https://www.chinatax.gov.cn/,www.chinatax.gov.cn,unprobed,,,直属机构,枚举:gov.cn国务院部门导航+党中央群团民主党派 2026-10
gov:www.chinawriter.com.cn,gov,中国作家协会,https://www.chinawriter.com.cn/,www.chinawriter.com.cn,unprobed,,,全国性群团,枚举:gov.cn国务院部门导航+党中央群团民主党派 2026-10
gov:www.chinaxwcb.com,gov,中国新闻出版传媒集团有限公司,https://www.chinaxwcb.com/,www.chinaxwcb.com,unprobed,,,中央宣传部直属,枚举:gov.cn国务院部门导航+党中央群团民主党派 2026-10
gov:www.chineseafs.org,gov,中国财政科学研究院,https://www.chineseafs.org/,www.chineseafs.org,unprobed,,,财政部直属,枚举:gov.cn国务院部门导航+党中央群团民主党派 2026-10
gov:www.chnmuseum.cn,gov,中国国家博物馆,https://www.chnmuseum.cn/,www.chnmuseum.cn,unprobed,,,中央公共文化事业,枚举:gov.cn国务院部门导航+党中央群团民主党派 2026-10
gov:www.chuban.cc,gov,中国新闻出版研究院,https://www.chuban.cc/,www.chuban.cc,unprobed,,,中央宣传部直属,枚举:gov.cn国务院部门导航+党中央群团民主党派 2026-10
gov:www.cics-cert.org.cn,gov,国家工业信息安全发展研究中心,https://www.cics-cert.org.cn/,www.cics-cert.org.cn,unprobed,,,工信部直属,枚举:gov.cn国务院部门导航+党中央群团民主党派 2026-10
gov:www.cidca.gov.cn,gov,国家国际发展合作署,https://www.cidca.gov.cn/,www.cidca.gov.cn,unprobed,,,直属机构,枚举:gov.cn国务院部门导航+党中央群团民主党派 2026-10
gov:www.cipg.org.cn,gov,中国外文出版发行事业局,https://www.cipg.org.cn/,www.cipg.org.cn,unprobed,,,党中央直属,枚举:gov.cn国务院部门导航+党中央群团民主党派 2026-10
gov:www.cma.gov.cn,gov,中国气象局,https://www.cma.gov.cn/,www.cma.gov.cn,unprobed,,,直属事业单位,枚举:gov.cn国务院部门导航+党中央群团民主党派 2026-10
gov:www.cnapc.cn,gov,中国版本图书馆(中央宣传部出版物数据中心),https://www.cnapc.cn/,www.cnapc.cn,unprobed,,,中央宣传部直属,枚举:gov.cn国务院部门导航+党中央群团民主党派 2026-10
gov:www.cnca.gov.cn,gov,国家认证认可监督管理委员会,https://www.cnca.gov.cn/,www.cnca.gov.cn,unprobed,,,市场监管总局管理,枚举:gov.cn国务院部门导航+党中央群团民主党派 2026-10
gov:www.cncaprc.gov.cn,gov,中国老龄协会,https://www.cncaprc.gov.cn/,www.cncaprc.gov.cn,unprobed,,,民政部管理,枚举:gov.cn国务院部门导航+党中央群团民主党派 2026-10
gov:www.cndca.org.cn,gov,中国民主建国会,https://www.cndca.org.cn/,www.cndca.org.cn,unprobed,,,民主党派中央,枚举:gov.cn国务院部门导航+党中央群团民主党派 2026-10
gov:www.cnipa.gov.cn,gov,国家知识产权局,https://www.cnipa.gov.cn/,www.cnipa.gov.cn,unprobed,,,直属机构,枚举:gov.cn国务院部门导航+党中央群团民主党派 2026-10
gov:www.cnis.ac.cn,gov,中国标准化研究院,https://www.cnis.ac.cn/,www.cnis.ac.cn,unprobed,,,市场监管总局直属,枚举:gov.cn国务院部门导航+党中央群团民主党派 2026-10
gov:www.cnnic.net.cn,gov,中国互联网络信息中心,https://www.cnnic.net.cn/,www.cnnic.net.cn,unprobed,,,中央网信办直属,枚举:gov.cn国务院部门导航+党中央群团民主党派 2026-10
gov:www.cnpubg.com,gov,中国出版集团有限公司,https://www.cnpubg.com/,www.cnpubg.com,unprobed,,,中央文化企业,枚举:gov.cn国务院部门导航+党中央群团民主党派 2026-10
gov:www.cnr.cn,gov,央广网,https://www.cnr.cn/,www.cnr.cn,unprobed,,,中央广播电视总台,枚举:gov.cn国务院部门导航+党中央群团民主党派 2026-10
gov:www.cnsa.gov.cn,gov,国家航天局,https://www.cnsa.gov.cn/,www.cnsa.gov.cn,unprobed,,,工信部管理,枚举:gov.cn国务院部门导航+党中央群团民主党派 2026-10
gov:www.cnso.com.cn,gov,中国交响乐团,https://www.cnso.com.cn/,www.cnso.com.cn,unprobed,,,文旅部直属院团,枚举:gov.cn国务院部门导航+党中央群团民主党派 2026-10
gov:www.cnwomen.com.cn,gov,中国妇女报,https://www.cnwomen.com.cn/,www.cnwomen.com.cn,unprobed,,,全国妇联机关报,枚举:gov.cn国务院部门导航+党中央群团民主党派 2026-10
gov:www.counsellor.gov.cn,gov,国务院参事室,https://www.counsellor.gov.cn/,www.counsellor.gov.cn,unprobed,,,直属机构·文史馆,枚举:gov.cn国务院部门导航+党中央群团民主党派 2026-10
gov:www.court.gov.cn,gov,最高人民法院,https://www.court.gov.cn/,www.court.gov.cn,unprobed,,,最高审判机关,枚举:gov.cn国务院部门导航+党中央群团民主党派 2026-10
gov:www.cpaffc.org.cn,gov,中国人民对外友好协会,https://www.cpaffc.org.cn/,www.cpaffc.org.cn,unprobed,,,全国性群团,枚举:gov.cn国务院部门导航+党中央群团民主党派 2026-10
gov:www.cppcc.gov.cn,gov,中国人民政治协商会议全国委员会,https://www.cppcc.gov.cn/,www.cppcc.gov.cn,unprobed,,,爱国统一战线组织,枚举:gov.cn国务院部门导航+党中央群团民主党派 2026-10
gov:www.craes.cn,gov,中国环境科学研究院,https://www.craes.cn/,www.craes.cn,unprobed,,,生态环境部直属,枚举:gov.cn国务院部门导航+党中央群团民主党派 2026-10
gov:www.crcf.org.cn,gov,中国红十字基金会,https://www.crcf.org.cn/,www.crcf.org.cn,unprobed,,,全国性基金会,枚举:gov.cn国务院部门导航+党中央群团民主党派 2026-10
gov:www.creditchina.gov.cn,gov,国家公共信用信息中心,https://www.creditchina.gov.cn/,www.creditchina.gov.cn,unprobed,,,发改委直属,枚举:gov.cn国务院部门导航+党中央群团民主党派 2026-10
gov:www.cri.cn,gov,国际在线,https://www.cri.cn/,www.cri.cn,unprobed,,,中央广播电视总台,枚举:gov.cn国务院部门导航+党中央群团民主党派 2026-10
gov:www.crrc.com.cn,gov,中国康复研究中心,https://www.crrc.com.cn/,www.crrc.com.cn,unprobed,,,中国残联直属,枚举:gov.cn国务院部门导航+党中央群团民主党派 2026-10
gov:www.csei.org.cn,gov,中国特种设备检测研究院,https://www.csei.org.cn/,www.csei.org.cn,unprobed,,,市场监管总局直属,枚举:gov.cn国务院部门导航+党中央群团民主党派 2026-10
gov:www.csrc.gov.cn,gov,中国证券监督管理委员会,https://www.csrc.gov.cn/,www.csrc.gov.cn,unprobed,,,直属机构,枚举:gov.cn国务院部门导航+党中央群团民主党派 2026-10
gov:www.cstc.org.cn,gov,中国软件评测中心,https://www.cstc.org.cn/,www.cstc.org.cn,unprobed,,,工信部直属,枚举:gov.cn国务院部门导航+党中央群团民主党派 2026-10
gov:www.cstm.org.cn,gov,中国科学技术馆,https://www.cstm.org.cn/,www.cstm.org.cn,unprobed,,,中国科协直属,枚举:gov.cn国务院部门导航+党中央群团民主党派 2026-10
gov:www.customs.gov.cn,gov,海关总署,https://www.customs.gov.cn/,www.customs.gov.cn,unprobed,,,直属机构,枚举:gov.cn国务院部门导航+党中央群团民主党派 2026-10
gov:www.cwdf.org.cn,gov,中国妇女发展基金会,https://www.cwdf.org.cn/,www.cwdf.org.cn,unprobed,,,全国性基金会,枚举:gov.cn国务院部门导航+党中央群团民主党派 2026-10
gov:www.cwu.edu.cn,gov,中华女子学院,https://www.cwu.edu.cn/,www.cwu.edu.cn,unprobed,,,全国妇联直属,枚举:gov.cn国务院部门导航+党中央群团民主党派 2026-10
gov:www.cydf.org.cn,gov,中国青少年发展基金会,https://www.cydf.org.cn/,www.cydf.org.cn,unprobed,,,全国性基金会,枚举:gov.cn国务院部门导航+党中央群团民主党派 2026-10
gov:www.cyol.com,gov,中国青年报,https://www.cyol.com/,www.cyol.com,unprobed,,,共青团中央机关报,枚举:gov.cn国务院部门导航+党中央群团民主党派 2026-10
gov:www.difangzhi.cn,gov,中国地方志工作办公室·中国方志网,https://www.difangzhi.cn/,www.difangzhi.cn,unprobed,,,党中央直属,枚举:gov.cn国务院部门导航+党中央群团民主党派 2026-10
gov:www.dpm.org.cn,gov,故宫博物院,https://www.dpm.org.cn/,www.dpm.org.cn,unprobed,,,中央公共文化事业,枚举:gov.cn国务院部门导航+党中央群团民主党派 2026-10
gov:www.drc.gov.cn,gov,国务院发展研究中心,https://www.drc.gov.cn/,www.drc.gov.cn,unprobed,,,直属事业单位,枚举:gov.cn国务院部门导航+党中央群团民主党派 2026-10
gov:www.dswxyjy.org.cn,gov,中央党史和文献研究院,https://www.dswxyjy.org.cn/,www.dswxyjy.org.cn,unprobed,,,党中央直属,枚举:gov.cn国务院部门导航+党中央群团民主党派 2026-10
gov:www.eri.org.cn,gov,国家发改委能源研究所,https://www.eri.org.cn/,www.eri.org.cn,unprobed,,,发改委直属,枚举:gov.cn国务院部门导航+党中央群团民主党派 2026-10
gov:www.farmer.com.cn,gov,农民日报,https://www.farmer.com.cn/,www.farmer.com.cn,unprobed,,,中央级报纸,枚举:gov.cn国务院部门导航+党中央群团民主党派 2026-10
gov:www.fmprc.gov.cn,gov,外交部,https://www.fmprc.gov.cn/,www.fmprc.gov.cn,unprobed,,,国务院组成部门,枚举:gov.cn国务院部门导航+党中央群团民主党派 2026-10
gov:www.forestry.gov.cn,gov,国家林业和草原局,https://www.forestry.gov.cn/,www.forestry.gov.cn,unprobed,,,自然资源部管理,枚举:gov.cn国务院部门导航+党中央群团民主党派 2026-10
gov:www.ggj.gov.cn,gov,国家机关事务管理局,https://www.ggj.gov.cn/,www.ggj.gov.cn,unprobed,,,直属机构,枚举:gov.cn国务院部门导航+党中央群团民主党派 2026-10
gov:www.gjbmj.gov.cn,gov,国家保密局,https://www.gjbmj.gov.cn/,www.gjbmj.gov.cn,unprobed,,,中央办公厅管理,枚举:gov.cn国务院部门导航+党中央群团民主党派 2026-10
gov:www.gjxfj.gov.cn,gov,国家信访局,https://www.gjxfj.gov.cn/,www.gjxfj.gov.cn,unprobed,,,直属机构,枚举:gov.cn国务院部门导航+党中央群团民主党派 2026-10
gov:www.gmw.cn,gov,光明日报社,https://www.gmw.cn/,www.gmw.cn,unprobed,,,中央媒体,枚举:gov.cn国务院部门导航+党中央群团民主党派 2026-10
gov:www.gov.cn,gov,中国政府网,https://www.gov.cn/,www.gov.cn,unprobed,,,国务院办公厅·中央门户,枚举:gov.cn国务院部门导航+党中央群团民主党派 2026-10
gov:www.gqb.gov.cn,gov,国务院侨务办公室,https://www.gqb.gov.cn/,www.gqb.gov.cn,unprobed,,,办事机构/中央统战部,枚举:gov.cn国务院部门导航+党中央群团民主党派 2026-10
gov:www.gqt.org.cn,gov,中国共产主义青年团中央委员会,https://www.gqt.org.cn/,www.gqt.org.cn,unprobed,,,全国性群团,枚举:gov.cn国务院部门导航+党中央群团民主党派 2026-10
gov:www.gwytb.gov.cn,gov,国务院台湾事务办公室,https://www.gwytb.gov.cn/,www.gwytb.gov.cn,unprobed,,,办事机构/中央台办,枚举:gov.cn国务院部门导航+党中央群团民主党派 2026-10
gov:www.huangpu.org.cn,gov,黄埔军校同学会,https://www.huangpu.org.cn/,www.huangpu.org.cn,unprobed,,,全国性群团,枚举:gov.cn国务院部门导航+党中央群团民主党派 2026-10
gov:www.huanqiu.com,gov,环球时报,https://www.huanqiu.com/,www.huanqiu.com,unprobed,,,中央媒体,枚举:gov.cn国务院部门导航+党中央群团民主党派 2026-10
gov:www.iccs.cn,gov,当代中国研究所,https://www.iccs.cn/,www.iccs.cn,unprobed,,,中国社会科学院直属,枚举:gov.cn国务院部门导航+党中央群团民主党派 2026-10
gov:www.idcpc.org.cn,gov,中央对外联络部,https://www.idcpc.org.cn/,www.idcpc.org.cn,unprobed,,,党中央部门,枚举:gov.cn国务院部门导航+党中央群团民主党派 2026-10
gov:www.istic.ac.cn,gov,中国科学技术信息研究所,https://www.istic.ac.cn/,www.istic.ac.cn,unprobed,,,科技部直属,枚举:gov.cn国务院部门导航+党中央群团民主党派 2026-10
gov:www.itsec.gov.cn,gov,中国信息安全测评中心,https://www.itsec.gov.cn/,www.itsec.gov.cn,unprobed,,,中央网信办直属,枚举:gov.cn国务院部门导航+党中央群团民主党派 2026-10
gov:www.iwhr.com,gov,中国水利水电科学研究院,https://www.iwhr.com/,www.iwhr.com,unprobed,,,水利部直属,枚举:gov.cn国务院部门导航+党中央群团民主党派 2026-10
gov:www.jjjcb.cn,gov,中国纪检监察报,https://www.jjjcb.cn/,www.jjjcb.cn,unprobed,,,中央纪委机关报,枚举:gov.cn国务院部门导航+党中央群团民主党派 2026-10
gov:www.jyb.cn,gov,中国教育报,https://www.jyb.cn/,www.jyb.cn,unprobed,,,教育部机关报,枚举:gov.cn国务院部门导航+党中央群团民主党派 2026-10
gov:www.legaldaily.com.cn,gov,法治日报,https://www.legaldaily.com.cn/,www.legaldaily.com.cn,unprobed,,,中央政法委机关报,枚举:gov.cn国务院部门导航+党中央群团民主党派 2026-10
gov:www.locpg.gov.cn,gov,中央人民政府驻香港特别行政区联络办公室,https://www.locpg.gov.cn/,www.locpg.gov.cn,unprobed,,,中央派出机构,枚举:gov.cn国务院部门导航+党中央群团民主党派 2026-10
gov:www.lswz.gov.cn,gov,国家粮食和物资储备局,https://www.lswz.gov.cn/,www.lswz.gov.cn,unprobed,,,发改委管理,枚举:gov.cn国务院部门导航+党中央群团民主党派 2026-10
gov:www.mca.gov.cn,gov,民政部,https://www.mca.gov.cn/,www.mca.gov.cn,unprobed,,,国务院组成部门,枚举:gov.cn国务院部门导航+党中央群团民主党派 2026-10
gov:www.mct.gov.cn,gov,文化和旅游部,https://www.mct.gov.cn/,www.mct.gov.cn,unprobed,,,国务院组成部门,枚举:gov.cn国务院部门导航+党中央群团民主党派 2026-10
gov:www.mee.gov.cn,gov,生态环境部,https://www.mee.gov.cn/,www.mee.gov.cn,unprobed,,,国务院组成部门,枚举:gov.cn国务院部门导航+党中央群团民主党派 2026-10
gov:www.mem.gov.cn,gov,应急管理部,https://www.mem.gov.cn/,www.mem.gov.cn,unprobed,,,国务院组成部门,枚举:gov.cn国务院部门导航+党中央群团民主党派 2026-10
gov:www.miit.gov.cn,gov,工业和信息化部,https://www.miit.gov.cn/,www.miit.gov.cn,unprobed,,,国务院组成部门,枚举:gov.cn国务院部门导航+党中央群团民主党派 2026-10
gov:www.minge.gov.cn,gov,中国国民党革命委员会,https://www.minge.gov.cn/,www.minge.gov.cn,unprobed,,,民主党派中央,枚举:gov.cn国务院部门导航+党中央群团民主党派 2026-10
gov:www.mj.org.cn,gov,中国民主促进会,https://www.mj.org.cn/,www.mj.org.cn,unprobed,,,民主党派中央,枚举:gov.cn国务院部门导航+党中央群团民主党派 2026-10
gov:www.mmzy.org.cn,gov,中国民主同盟,https://www.mmzy.org.cn/,www.mmzy.org.cn,unprobed,,,民主党派中央,枚举:gov.cn国务院部门导航+党中央群团民主党派 2026-10
gov:www.mnr.gov.cn,gov,自然资源部,https://www.mnr.gov.cn/,www.mnr.gov.cn,unprobed,,,国务院组成部门,枚举:gov.cn国务院部门导航+党中央群团民主党派 2026-10
gov:www.moa.gov.cn,gov,农业农村部,https://www.moa.gov.cn/,www.moa.gov.cn,unprobed,,,国务院组成部门,枚举:gov.cn国务院部门导航+党中央群团民主党派 2026-10
gov:www.mod.gov.cn,gov,国防部,https://www.mod.gov.cn/,www.mod.gov.cn,unprobed,,,国务院组成部门,枚举:gov.cn国务院部门导航+党中央群团民主党派 2026-10
gov:www.moe.gov.cn,gov,教育部,https://www.moe.gov.cn/,www.moe.gov.cn,unprobed,,,国务院组成部门,枚举:gov.cn国务院部门导航+党中央群团民主党派 2026-10
gov:www.mof.gov.cn,gov,财政部,https://www.mof.gov.cn/,www.mof.gov.cn,unprobed,,,国务院组成部门,枚举:gov.cn国务院部门导航+党中央群团民主党派 2026-10
gov:www.mofcom.gov.cn,gov,商务部,https://www.mofcom.gov.cn/,www.mofcom.gov.cn,unprobed,,,国务院组成部门,枚举:gov.cn国务院部门导航+党中央群团民主党派 2026-10
gov:www.mohrss.gov.cn,gov,人力资源和社会保障部,https://www.mohrss.gov.cn/,www.mohrss.gov.cn,unprobed,,,国务院组成部门,枚举:gov.cn国务院部门导航+党中央群团民主党派 2026-10
gov:www.mohurd.gov.cn,gov,住房和城乡建设部,https://www.mohurd.gov.cn/,www.mohurd.gov.cn,unprobed,,,国务院组成部门,枚举:gov.cn国务院部门导航+党中央群团民主党派 2026-10
gov:www.moj.gov.cn,gov,司法部,https://www.moj.gov.cn/,www.moj.gov.cn,unprobed,,,国务院组成部门,枚举:gov.cn国务院部门导航+党中央群团民主党派 2026-10
gov:www.most.gov.cn,gov,科学技术部,https://www.most.gov.cn/,www.most.gov.cn,unprobed,,,国务院组成部门,枚举:gov.cn国务院部门导航+党中央群团民主党派 2026-10
gov:www.mot.gov.cn,gov,交通运输部,https://www.mot.gov.cn/,www.mot.gov.cn,unprobed,,,国务院组成部门,枚举:gov.cn国务院部门导航+党中央群团民主党派 2026-10
gov:www.mps.gov.cn,gov,公安部,https://www.mps.gov.cn/,www.mps.gov.cn,unprobed,,,国务院组成部门,枚举:gov.cn国务院部门导航+党中央群团民主党派 2026-10
gov:www.mva.gov.cn,gov,退役军人事务部,https://www.mva.gov.cn/,www.mva.gov.cn,unprobed,,,国务院组成部门,枚举:gov.cn国务院部门导航+党中央群团民主党派 2026-10
gov:www.mwr.gov.cn,gov,水利部,https://www.mwr.gov.cn/,www.mwr.gov.cn,unprobed,,,国务院组成部门,枚举:gov.cn国务院部门导航+党中央群团民主党派 2026-10
gov:www.namoc.org,gov,中国美术馆,https://www.namoc.org/,www.namoc.org,unprobed,,,中央公共文化事业,枚举:gov.cn国务院部门导航+党中央群团民主党派 2026-10
gov:www.natcm.gov.cn,gov,国家中医药管理局,https://www.natcm.gov.cn/,www.natcm.gov.cn,unprobed,,,国家卫健委管理,枚举:gov.cn国务院部门导航+党中央群团民主党派 2026-10
gov:www.ncac.gov.cn,gov,国家版权局,https://www.ncac.gov.cn/,www.ncac.gov.cn,unprobed,,,中央宣传部管理,枚举:gov.cn国务院部门导航+党中央群团民主党派 2026-10
gov:www.ncha.gov.cn,gov,国家文物局,https://www.ncha.gov.cn/,www.ncha.gov.cn,unprobed,,,文化和旅游部管理,枚举:gov.cn国务院部门导航+党中央群团民主党派 2026-10
gov:www.nda.gov.cn,gov,国家数据局,https://www.nda.gov.cn/,www.nda.gov.cn,unprobed,,,发改委管理,枚举:gov.cn国务院部门导航+党中央群团民主党派 2026-10
gov:www.ndcpa.gov.cn,gov,国家疾病预防控制局,https://www.ndcpa.gov.cn/,www.ndcpa.gov.cn,unprobed,,,直属机构,枚举:gov.cn国务院部门导航+党中央群团民主党派 2026-10
gov:www.ndrc.gov.cn,gov,国家发展和改革委员会,https://www.ndrc.gov.cn/,www.ndrc.gov.cn,unprobed,,,国务院组成部门,枚举:gov.cn国务院部门导航+党中央群团民主党派 2026-10
gov:www.nea.gov.cn,gov,国家能源局,https://www.nea.gov.cn/,www.nea.gov.cn,unprobed,,,发改委管理,枚举:gov.cn国务院部门导航+党中央群团民主党派 2026-10
gov:www.neac.gov.cn,gov,国家民族事务委员会,https://www.neac.gov.cn/,www.neac.gov.cn,unprobed,,,国务院组成部门,枚举:gov.cn国务院部门导航+党中央群团民主党派 2026-10
gov:www.news.cn,gov,新华通讯社,https://www.news.cn/,www.news.cn,unprobed,,,直属事业单位·国家通讯社,枚举:gov.cn国务院部门导航+党中央群团民主党派 2026-10
gov:www.nfra.gov.cn,gov,国家金融监督管理总局,https://www.nfra.gov.cn/,www.nfra.gov.cn,unprobed,,,直属机构,枚举:gov.cn国务院部门导航+党中央群团民主党派 2026-10
gov:www.ngd.org.cn,gov,中国农工民主党,https://www.ngd.org.cn/,www.ngd.org.cn,unprobed,,,民主党派中央,枚举:gov.cn国务院部门导航+党中央群团民主党派 2026-10
gov:www.nhc.gov.cn,gov,国家卫生健康委员会,https://www.nhc.gov.cn/,www.nhc.gov.cn,unprobed,,,国务院组成部门,枚举:gov.cn国务院部门导航+党中央群团民主党派 2026-10
gov:www.nhsa.gov.cn,gov,国家医疗保障局,https://www.nhsa.gov.cn/,www.nhsa.gov.cn,unprobed,,,直属机构,枚举:gov.cn国务院部门导航+党中央群团民主党派 2026-10
gov:www.nia.gov.cn,gov,国家移民管理局,https://www.nia.gov.cn/,www.nia.gov.cn,unprobed,,,公安部管理,枚举:gov.cn国务院部门导航+党中央群团民主党派 2026-10
gov:www.nifdc.org.cn,gov,中国食品药品检定研究院,https://www.nifdc.org.cn/,www.nifdc.org.cn,unprobed,,,国家药监局直属,枚举:gov.cn国务院部门导航+党中央群团民主党派 2026-10
gov:www.nim.ac.cn,gov,中国计量科学研究院,https://www.nim.ac.cn/,www.nim.ac.cn,unprobed,,,市场监管总局直属,枚举:gov.cn国务院部门导航+党中央群团民主党派 2026-10
gov:www.nlc.cn,gov,中国国家图书馆,https://www.nlc.cn/,www.nlc.cn,unprobed,,,中央公共文化事业,枚举:gov.cn国务院部门导航+党中央群团民主党派 2026-10
gov:www.nmpa.gov.cn,gov,国家药品监督管理局,https://www.nmpa.gov.cn/,www.nmpa.gov.cn,unprobed,,,市场监管总局管理,枚举:gov.cn国务院部门导航+党中央群团民主党派 2026-10
gov:www.nncc626.com,gov,国家禁毒委员会办公室,https://www.nncc626.com/,www.nncc626.com,unprobed,,,公安部管理,枚举:gov.cn国务院部门导航+党中央群团民主党派 2026-10
gov:www.npc.gov.cn,gov,全国人民代表大会常务委员会,https://www.npc.gov.cn/,www.npc.gov.cn,unprobed,,,最高国家权力机关,枚举:gov.cn国务院部门导航+党中央群团民主党派 2026-10
gov:www.npf.org.cn,gov,国家出版基金规划管理办公室,https://www.npf.org.cn/,www.npf.org.cn,unprobed,,,中央宣传部直属,枚举:gov.cn国务院部门导航+党中央群团民主党派 2026-10
gov:www.npopss-cn.gov.cn,gov,全国哲学社会科学工作办公室,https://www.npopss-cn.gov.cn/,www.npopss-cn.gov.cn,unprobed,,,社科联·全国社科工作办,枚举:gov.cn国务院部门导航+党中央群团民主党派 2026-10
gov:www.nppa.gov.cn,gov,国家新闻出版署,https://www.nppa.gov.cn/,www.nppa.gov.cn,unprobed,,,中央宣传部管理,枚举:gov.cn国务院部门导航+党中央群团民主党派 2026-10
gov:www.nra.gov.cn,gov,国家铁路局,https://www.nra.gov.cn/,www.nra.gov.cn,unprobed,,,交通运输部管理,枚举:gov.cn国务院部门导航+党中央群团民主党派 2026-10
gov:www.nrta.gov.cn,gov,国家广播电视总局,https://www.nrta.gov.cn/,www.nrta.gov.cn,unprobed,,,直属机构,枚举:gov.cn国务院部门导航+党中央群团民主党派 2026-10
gov:www.nsfc.gov.cn,gov,国家自然科学基金委员会,https://www.nsfc.gov.cn/,www.nsfc.gov.cn,unprobed,,,直属事业单位,枚举:gov.cn国务院部门导航+党中央群团民主党派 2026-10
gov:www.oscca.gov.cn,gov,国家密码管理局,https://www.oscca.gov.cn/,www.oscca.gov.cn,unprobed,,,中央办公厅管理,枚举:gov.cn国务院部门导航+党中央群团民主党派 2026-10
gov:www.pac.org.cn,gov,中国出版协会,https://www.pac.org.cn/,www.pac.org.cn,unprobed,,,全国性社会组织,枚举:gov.cn国务院部门导航+党中央群团民主党派 2026-10
gov:www.pbc.gov.cn,gov,中国人民银行,https://www.pbc.gov.cn/,www.pbc.gov.cn,unprobed,,,国务院组成部门,枚举:gov.cn国务院部门导航+党中央群团民主党派 2026-10
gov:www.people.com.cn,gov,人民日报社,https://www.people.com.cn/,www.people.com.cn,unprobed,,,党中央机关报,枚举:gov.cn国务院部门导航+党中央群团民主党派 2026-10
gov:www.pph166.com,gov,人民出版社,https://www.pph166.com/,www.pph166.com,unprobed,,,中央宣传部直属·出版社,枚举:gov.cn国务院部门导航+党中央群团民主党派 2026-10
gov:www.pqsi.org.cn,gov,中央宣传部出版产品质量监督检测中心,https://www.pqsi.org.cn/,www.pqsi.org.cn,unprobed,,,中央宣传部直属,枚举:gov.cn国务院部门导航+党中央群团民主党派 2026-10
gov:www.qinglian.org,gov,中华全国青年联合会,https://www.qinglian.org/,www.qinglian.org,unprobed,,,全国性群团,枚举:gov.cn国务院部门导航+党中央群团民主党派 2026-10
gov:www.qstheory.cn,gov,求是杂志社,https://www.qstheory.cn/,www.qstheory.cn,unprobed,,,党中央机关刊,枚举:gov.cn国务院部门导航+党中央群团民主党派 2026-10
gov:www.redcross.org.cn,gov,中国红十字会,https://www.redcross.org.cn/,www.redcross.org.cn,unprobed,,,全国性群团,枚举:gov.cn国务院部门导航+党中央群团民主党派 2026-10
gov:www.rioh.cn,gov,交通运输部公路科学研究院,https://www.rioh.cn/,www.rioh.cn,unprobed,,,交通运输部直属,枚举:gov.cn国务院部门导航+党中央群团民主党派 2026-10
gov:www.rky.org.cn,gov,中国人事科学研究院,https://www.rky.org.cn/,www.rky.org.cn,unprobed,,,人社部直属,枚举:gov.cn国务院部门导航+党中央群团民主党派 2026-10
gov:www.rmzxb.com.cn,gov,人民政协报,https://www.rmzxb.com.cn/,www.rmzxb.com.cn,unprobed,,,全国政协机关报,枚举:gov.cn国务院部门导航+党中央群团民主党派 2026-10
gov:www.saac.gov.cn,gov,国家档案局,https://www.saac.gov.cn/,www.saac.gov.cn,unprobed,,,中央办公厅管理·中央档案馆,枚举:gov.cn国务院部门导航+党中央群团民主党派 2026-10
gov:www.sac.gov.cn,gov,国家标准化管理委员会,https://www.sac.gov.cn/,www.sac.gov.cn,unprobed,,,市场监管总局管理,枚举:gov.cn国务院部门导航+党中央群团民主党派 2026-10
gov:www.safe.gov.cn,gov,国家外汇管理局,https://www.safe.gov.cn/,www.safe.gov.cn,unprobed,,,中国人民银行管理,枚举:gov.cn国务院部门导航+党中央群团民主党派 2026-10
gov:www.samr.gov.cn,gov,国家市场监督管理总局,https://www.samr.gov.cn/,www.samr.gov.cn,unprobed,,,直属机构,枚举:gov.cn国务院部门导航+党中央群团民主党派 2026-10
gov:www.sara.gov.cn,gov,国家宗教事务局,https://www.sara.gov.cn/,www.sara.gov.cn,unprobed,,,中央统战部管理,枚举:gov.cn国务院部门导航+党中央群团民主党派 2026-10
gov:www.sasac.gov.cn,gov,国务院国有资产监督管理委员会,https://www.sasac.gov.cn/,www.sasac.gov.cn,unprobed,,,直属特设机构,枚举:gov.cn国务院部门导航+党中央群团民主党派 2026-10
gov:www.sastind.gov.cn,gov,国家国防科技工业局,https://www.sastind.gov.cn/,www.sastind.gov.cn,unprobed,,,工信部管理,枚举:gov.cn国务院部门导航+党中央群团民主党派 2026-10
gov:www.scio.gov.cn,gov,国务院新闻办公室,https://www.scio.gov.cn/,www.scio.gov.cn,unprobed,,,办事机构/中央宣传部,枚举:gov.cn国务院部门导航+党中央群团民主党派 2026-10
gov:www.sclf.org,gov,中国宋庆龄基金会,https://www.sclf.org/,www.sclf.org,unprobed,,,全国性群团,枚举:gov.cn国务院部门导航+党中央群团民主党派 2026-10
gov:www.scopsr.gov.cn,gov,中央机构编制委员会办公室,https://www.scopsr.gov.cn/,www.scopsr.gov.cn,unprobed,,,党中央部门,枚举:gov.cn国务院部门导航+党中央群团民主党派 2026-10
gov:www.scs.gov.cn,gov,国家公务员局,https://www.scs.gov.cn/,www.scs.gov.cn,unprobed,,,中央组织部管理,枚举:gov.cn国务院部门导航+党中央群团民主党派 2026-10
gov:www.sic.gov.cn,gov,国家信息中心,https://www.sic.gov.cn/,www.sic.gov.cn,unprobed,,,发改委直属,枚举:gov.cn国务院部门导航+党中央群团民主党派 2026-10
gov:www.spb.gov.cn,gov,国家邮政局,https://www.spb.gov.cn/,www.spb.gov.cn,unprobed,,,交通运输部管理,枚举:gov.cn国务院部门导航+党中央群团民主党派 2026-10
gov:www.sport.gov.cn,gov,国家体育总局,https://www.sport.gov.cn/,www.sport.gov.cn,unprobed,,,直属机构,枚举:gov.cn国务院部门导航+党中央群团民主党派 2026-10
gov:www.spp.gov.cn,gov,最高人民检察院,https://www.spp.gov.cn/,www.spp.gov.cn,unprobed,,,最高检察机关,枚举:gov.cn国务院部门导航+党中央群团民主党派 2026-10
gov:www.ssf.gov.cn,gov,全国社会保障基金理事会,https://www.ssf.gov.cn/,www.ssf.gov.cn,unprobed,,,直属事业单位,枚举:gov.cn国务院部门导航+党中央群团民主党派 2026-10
gov:www.stats.gov.cn,gov,国家统计局,https://www.stats.gov.cn/,www.stats.gov.cn,unprobed,,,直属机构,枚举:gov.cn国务院部门导航+党中央群团民主党派 2026-10
gov:www.stdaily.com,gov,科技日报,https://www.stdaily.com/,www.stdaily.com,unprobed,,,中央级报纸,枚举:gov.cn国务院部门导航+党中央群团民主党派 2026-10
gov:www.studytimes.cn,gov,学习时报,https://www.studytimes.cn/,www.studytimes.cn,unprobed,,,党校机关报,枚举:gov.cn国务院部门导航+党中央群团民主党派 2026-10
gov:www.tailian.org.cn,gov,中华全国台湾同胞联谊会,https://www.tailian.org.cn/,www.tailian.org.cn,unprobed,,,全国性群团,枚举:gov.cn国务院部门导航+党中央群团民主党派 2026-10
gov:www.taimeng.org.cn,gov,台湾民主自治同盟,https://www.taimeng.org.cn/,www.taimeng.org.cn,unprobed,,,民主党派中央,枚举:gov.cn国务院部门导航+党中央群团民主党派 2026-10
gov:www.tibetology.ac.cn,gov,中国藏学研究中心,https://www.tibetology.ac.cn/,www.tibetology.ac.cn,unprobed,,,中央统战部直属,枚举:gov.cn国务院部门导航+党中央群团民主党派 2026-10
gov:www.tobacco.gov.cn,gov,国家烟草专卖局,https://www.tobacco.gov.cn/,www.tobacco.gov.cn,unprobed,,,工信部管理,枚举:gov.cn国务院部门导航+党中央群团民主党派 2026-10
gov:www.wenming.cn,gov,中央宣传部·中国文明网,https://www.wenming.cn/,www.wenming.cn,unprobed,,,党中央部门,枚举:gov.cn国务院部门导航+党中央群团民主党派 2026-10
gov:www.women.org.cn,gov,中华全国妇女联合会,https://www.women.org.cn/,www.women.org.cn,unprobed,,,全国性群团,枚举:gov.cn国务院部门导航+党中央群团民主党派 2026-10
gov:www.workercn.cn,gov,工人日报,https://www.workercn.cn/,www.workercn.cn,unprobed,,,全总机关报,枚举:gov.cn国务院部门导航+党中央群团民主党派 2026-10
gov:www.wrsa.net,gov,欧美同学会,https://www.wrsa.net/,www.wrsa.net,unprobed,,,全国性群团,枚举:gov.cn国务院部门导航+党中央群团民主党派 2026-10
gov:www.wti.ac.cn,gov,交通运输部水运科学研究院,https://www.wti.ac.cn/,www.wti.ac.cn,unprobed,,,交通运输部直属,枚举:gov.cn国务院部门导航+党中央群团民主党派 2026-10
gov:www.zg.org.cn,gov,中国致公党,https://www.zg.org.cn/,www.zg.org.cn,unprobed,,,民主党派中央,枚举:gov.cn国务院部门导航+党中央群团民主党派 2026-10
gov:www.zgjx.cn,gov,中华全国新闻工作者协会,https://www.zgjx.cn/,www.zgjx.cn,unprobed,,,全国性群团,枚举:gov.cn国务院部门导航+党中央群团民主党派 2026-10
gov:www.zhzjs.org.cn,gov,中华职业教育社,https://www.zhzjs.org.cn/,www.zhzjs.org.cn,unprobed,,,全国性群团,枚举:gov.cn国务院部门导航+党中央群团民主党派 2026-10
gov:www.zlb.gov.cn,gov,中央人民政府驻澳门特别行政区联络办公室,https://www.zlb.gov.cn/,www.zlb.gov.cn,unprobed,,,中央派出机构,枚举:gov.cn国务院部门导航+党中央群团民主党派 2026-10
gov:www.zysy.org.cn,gov,中央社会主义学院,https://www.zysy.org.cn/,www.zysy.org.cn,unprobed,,,党中央直属,枚举:gov.cn国务院部门导航+党中央群团民主党派 2026-10
gov:www.zytzb.gov.cn,gov,中央统一战线工作部,https://www.zytzb.gov.cn/,www.zytzb.gov.cn,unprobed,,,党中央部门,枚举:gov.cn国务院部门导航+党中央群团民主党派 2026-10
